/* Datos de Base */
delete from tb_conceptos;
insert into tb_conceptos (ca_concepto, ca_unidad, ca_transporte, ca_modalidad) values('0 - 44 KG','KG','Aéreo','CONSOLIDADO');
insert into tb_conceptos (ca_concepto, ca_unidad, ca_transporte, ca_modalidad) values('45 - 99 KG','KG','Aéreo','CONSOLIDADO');
insert into tb_conceptos (ca_concepto, ca_unidad, ca_transporte, ca_modalidad) values('100 - 299 KG','KG','Aéreo','CONSOLIDADO');
insert into tb_conceptos (ca_concepto, ca_unidad, ca_transporte, ca_modalidad) values('300 - 499 KG','KG','Aéreo','CONSOLIDADO');
insert into tb_conceptos (ca_concepto, ca_unidad, ca_transporte, ca_modalidad) values('500 - 999 KG','KG','Aéreo','CONSOLIDADO');
insert into tb_conceptos (ca_concepto, ca_unidad, ca_transporte, ca_modalidad) values('1000 - 2000 KG','KG','Aéreo','CONSOLIDADO');
insert into tb_conceptos (ca_concepto, ca_unidad, ca_transporte, ca_modalidad) values('1 T/M3','T/M3','Marítimo','LCL');
insert into tb_conceptos (ca_concepto, ca_unidad, ca_transporte, ca_modalidad) values('20'||chr(146)||' Dry Freight','20'||chr(146),'Marítimo','FCL');
insert into tb_conceptos (ca_concepto, ca_unidad, ca_transporte, ca_modalidad) values('20'||chr(146)||' Flat Rack','20'||chr(146),'Marítimo','FCL');
insert into tb_conceptos (ca_concepto, ca_unidad, ca_transporte, ca_modalidad) values('20'||chr(146)||' Open Top','20'||chr(146),'Marítimo','FCL');
insert into tb_conceptos (ca_concepto, ca_unidad, ca_transporte, ca_modalidad) values('20'||chr(146)||' Tank','20'||chr(146),'Marítimo','FCL');
insert into tb_conceptos (ca_concepto, ca_unidad, ca_transporte, ca_modalidad) values('40'||chr(146)||' Collapsible Flat Rack','40'||chr(146),'Marítimo','FCL');
insert into tb_conceptos (ca_concepto, ca_unidad, ca_transporte, ca_modalidad) values('40'||chr(146)||' Dry Freight','40'||chr(146),'Marítimo','FCL');
insert into tb_conceptos (ca_concepto, ca_unidad, ca_transporte, ca_modalidad) values('40'||chr(146)||' Flat Rack','40'||chr(146),'Marítimo','FCL');
insert into tb_conceptos (ca_concepto, ca_unidad, ca_transporte, ca_modalidad) values('40'||chr(146)||' High Cube Reefer','40'||chr(146),'Marítimo','FCL');
insert into tb_conceptos (ca_concepto, ca_unidad, ca_transporte, ca_modalidad) values('40'||chr(146)||' Open Top','40'||chr(146),'Marítimo','FCL');
insert into tb_conceptos (ca_concepto, ca_unidad, ca_transporte, ca_modalidad) values('40'||chr(146)||' Platform','40'||chr(146),'Marítimo','FCL');
insert into tb_conceptos (ca_concepto, ca_unidad, ca_transporte, ca_modalidad) values('40'||chr(146)||' Reefer','40'||chr(146),'Marítimo','FCL');
insert into tb_conceptos (ca_concepto, ca_unidad, ca_transporte, ca_modalidad) values('45'||chr(146)||' High Cube Dry','45'||chr(146),'Marítimo','FCL');
insert into tb_conceptos (ca_concepto, ca_unidad, ca_transporte, ca_modalidad) values('FLAT + 100 KG','KG','Aéreo','CONSOLIDADO');
insert into tb_conceptos (ca_concepto, ca_unidad, ca_transporte, ca_modalidad) values('Mínimo Neto','KG','Aéreo','CONSOLIDADO');
insert into tb_conceptos (ca_idconcepto, ca_concepto, ca_unidad, ca_transporte, ca_modalidad) values(9999,'Recargo General del Trayecto','All','All','All');

delete from tb_contactos;
insert into tb_contactos values('STOFRE001',800031001,'Stokkink Fred','Shioholweg 335 A/B 1171 PL Badhoevedorp. The Netherlands',6543612,6596799,'AMS-0020','fred.stokkink@dfdstransportams.nl');
insert into tb_contactos values('SCHHEN001',800031001,'Schaap Henk','Shioholweg 335 A/B 1171 PL Badhoevedorp. The Netherlands',6543612,6596799,'AMS-0020','henk.schaap@dfdstransportams.nl');
insert into tb_contactos values('KOIDAN002',800041002,'Koidl Daniela','Postsfach 15 ch-8058 Zürich-Flughafen',8169111,8164301,'ZHR-0043','daniela.koidl@aersped.ch');
insert into tb_contactos values('BECALL003',800001003,'Beckett Allan',500,6751211,6751917,'YTO-0416','abeckett@affiliated.ca');
insert into tb_contactos values('BEASAN004',800001004,'Beacham Sandra ',9009,2161616,2162625,'LAX-0310','airsea@airseainc.com');
insert into tb_contactos values('TORTEN004',800001004,'De la torre Tensy ',9009,2161616,2162625,'LAX-0310','airsea@airseainc.com');
insert into tb_contactos values('NGWIL005',800852005,'Ng Willian ','Unit 153 First Floor Airport  Freight Forwarding  Centre 2 Chun Wan  Road Chek Lap Kok',3262177,3524556,'HKG-0002','williang.ng@airsea.com.hk');
insert into tb_contactos values('LEURON005',800852005,'Leung Ronnie','Unit 153 First Floor Airport  Freight Forwarding  Centre 2 Chun Wan  Road Chek Lap Kok',3262177,3524556,'HKG-0002','ronnie.leung@airsea.com.hk');
insert into tb_contactos values('WONBIL005',800852005,'Wong Billy','Unit 153 First Floor Airport  Freight Forwarding  Centre 2 Chun Wan  Road Chek Lap Kok',3262177,3524556,'HKG-0002','billy.wong@airsea.com.hk');
insert into tb_contactos values('LEUPAN005',800852005,'Leung Pang','Unit 153 First Floor Airport  Freight Forwarding  Centre 2 Chun Wan  Road Chek Lap Kok',3262177,3524556,'HKG-0002','pang.leung@airsea.com.hk');
insert into tb_contactos values('LINLOL008',800507008,'Lindsay Lola','France Field, manzana 2A, Edificio Furuyama, Local 17 Area Comercial, Colon fee Zone. ',4300857,4302603,'PTY-0000','airzl@airseaworldwidepty.com');
insert into tb_contactos values('LAYVAL008',800507008,'Lay Valentin','France Field, manzana 2A, Edificio Furuyama, Local 17 Area Comercial, Colon fee Zone. ',4300857,4302603,'PTY-0000','valentin.lay@airseaworldwidepty.com');
insert into tb_contactos values('LEEHAN009',800088009,'Lee Hank',13,227406531,27524145,'TPE-0886','hanklee@aswtpe.com.tw');
insert into tb_contactos values('CHICYR009',800088009,'Chiang Cyrus ',13,27406531,27524145,'TPE-0886','cyrus@aswtpe.com.tw');
insert into tb_contactos values('WANMAX009',800088009,'Wang Max',13,27406531,27524145,'TPE-0886','max@aswtpe.com.tw');
insert into tb_contactos values('CXIJES013',800086013,'Cxia Jessie','Room 2110  Unión Building No. 100 Yan an Road ',63295337,63734005,'SHA-0021','jessie.xia@aswsha.com.cn');
insert into tb_contactos values('CHEAMY013',800086013,'Cheng Amy','Room 2110  Unión Building No. 100 Yan an Road ',63295337,63734005,'SHA-0021','amy.cheng@aswsha.com.cn');
insert into tb_contactos values('MORMAU015',800039015,'Morelli Maurizio','I-20161 Milano Via Nicolodi, 15',64670011,6465971,'MIL-0002','optair2@bianchimilano.it');
insert into tb_contactos values('RESROB015',800039015,'Resmini Roberto','I-20161 Milano Via Nicolodi, 15',64670011,6465971,'MIL-0002','optair@bianchimilano.it');
insert into tb_contactos values('BOCLOR015',800039015,'Bocchini Loredana','I-20161 Milano Via Nicolodi, 15',64670011,6465971,'MIL-0002','customersvc@bianchimilano.it');
insert into tb_contactos values('BIVSAM016',800972016,'Bivas Samuel',68,5171642,5164801,'TLV-0203','bivas@netvision.net.il');
insert into tb_contactos values('BASTER018',800001018,'Bass Terry',10925,5973990,5974339,'MIA-0305','tbass@coltrans.com');
insert into tb_contactos values('VANGUN019',800032019,'Van Mieghem Gunther','Building 761 b-1931 Brucargo',7518040,7519815,'BRU-0002','gunther@comexair.be');
insert into tb_contactos values('VANCHR019',800032019,'Vanden Wyngaerd Christa','Building 761 b-1931 Brucargo',7518040,7519815,'BRU-0002','export@comexair.be');
insert into tb_contactos values('LOPAGU020',800058020,'Lopez Agustin','Calle Newton Edf  Don Rene Piso 5 Of 5-B Colinas de Bello Monte',7514491,7516657,'CCS-0212','export@cscargo.biz');
insert into tb_contactos values('STEFLO021',800049021,'Stefani Florian ','CargoCity sued, Gebaeude 563   60549  Frankfurt',94202534,94202539,'FRA-0069','Florian.Stefani@dachser.com');
insert into tb_contactos values('ROHEVA021',800049021,'Rohs Eva','CargoCity sued, Gebaeude 563   60549  Frankfurt',94202534,94202539,'FRA-0069','Eva.Rohs@dachser.com');
insert into tb_contactos values('BRAMIC021',800049021,'Brauer Michaela','CargoCity sued, Gebaeude 563   60549  Frankfurt',94202534,94202539,'FRA-0069','Michaela.Brauer@dachser.com');
insert into tb_contactos values('STOKLA021',800049021,'Stockem Klaudia','Max-Planck-Strasse 2-8 ',902378,902379,'ALS-2404','Klaudia.Stockem@dachser.com');
insert into tb_contactos values('SAUJOC021',800049021,'Sauer Jochen','Max-Planck-Strasse 2-8 ',902372,902379,'ALS-2404','Jochen.Sauer@dachser.com');
insert into tb_contactos values('HAGMIC021',800049021,'Hagen Michael','Teilestr 26-28',75012,75012,'BER-0030','Michael.Hagen@dachser.com');
insert into tb_contactos values('HARMAT021',800049021,'Harms Matthias','Hanna-Kunath-Strasse 12 Frachzentrum 28199',53684,53684,'BRE-0421','Matthias.Harms@dachser.com');
insert into tb_contactos values('BLOFLO021',800049021,'Blohm Florian ','Hanna-Kunath-Strasse 12 Frachzentrum 28199',53684,53684,'BRE-0421','Florian.Blohm@dachser.com');
insert into tb_contactos values('VONMAT021',800049021,'Von der Burg Matthias','Frachtzentrum-Frachtgebaeude 1  51147',952911,952919,'CGN-2203','Matthias.Burg@dachser.com');
insert into tb_contactos values('HESHOL021',800049021,'Hesse Holger','Frachtzentrum-Frachtgebaeude 1  51147',952914,952919,'CGN-2203','Holger.Hesse@dachser.com');
insert into tb_contactos values('BRUBIA021',800049021,'Bruening Bianca','Frachtzentrum-Frachtgebaeude 1  51147',952915,952919,'CGN-2203','Bianca.Bruening@dachser.com');
insert into tb_contactos values('TAUSTE021',800049021,'Taube Stefan','Frachtzentrum-Frachtgebaeude 1  51147',952918,952919,'CGN-2203','Stefan.Taube@dachser.com');
insert into tb_contactos values('HOHCHR021',800049021,'Hohlbein Christoph','Kieshecker Weg 128  4046/8',4720530,4720519,'DUS-0211','Christoph.Hohlbein@dachser.com');
insert into tb_contactos values('RUPMAR021',800049021,'Ruppenstein Markus','Kieshecker Weg 128  4046/8',4720540,4720519,'DUS-0211','Markus.Ruppenstein@dachser.com');
insert into tb_contactos values('GASSEB021',800049021,'Gastecki Sebastian','Kieshecker Weg 128  4046/8',4720531,4720519,'DUS-0211','Sebastian.Gastecki@dachser.com');
insert into tb_contactos values('RANAND021',800049021,'Rang Andre','Kieshecker Weg 128  4046/8',4720531,4720519,'DUS-0211','Andre.Rang@dachser.com');
insert into tb_contactos values('KIPMIC021',800049021,'Kipp Michael','Am Kanal 2-4 49549 Ladbergen',830530,830519,'FMO-5485','Michael.Kipp@dachser.com');
insert into tb_contactos values('THIHAN021',800049021,'Thier Hans-Peter','Am Kanal 2-4 49549 Ladbergen',830530,830519,'FMO-5485','');
insert into tb_contactos values('HARDIR021',800049021,'Harries Dirk','Cargo Center, bldg. 150. 22335',50057730,50057739,'HAM-0040','Dirk.Harries@dachser.com');
insert into tb_contactos values('SCHKAI021',800049021,'Schittrigkeit Kai','Cargo Center, bldg. 150. 22335',50057734,50057739,'HAM-0040','Kai.Schittrigkeit@dachser.com');
insert into tb_contactos values('PFEMAL021',800049021,'Pfeffer Malte','Cargo Center, bldg. 150. 22335',50057731,50057739,'HAM-0040','Malte.Pfeffer@dachser.com');
insert into tb_contactos values('NOLTHO021',800049021,'Nolte Thomas','Kemptener Strasse 9 D-30855  Langenhagen',97294620,97294613,'HAJ-0511','Thomas.Nolte@dachser.com');
insert into tb_contactos values('WERJEN021',800049021,'Werner Jens','Kemptener Strasse 9 D-30855  Langenhagen',97294616,97294613,'HAJ-0511','Jens.Werner@dachser.com');
insert into tb_contactos values('GEPBER021',800049021,'Gepperth Bernd','Kemptener Strasse 9 D-30855  Langenhagen',97294616,97294613,'HAJ-0511','Bernd.Gepperth@dachser.com');
insert into tb_contactos values('FEISTE021',800049021,'Feistl Stefan','SWS-Speditions Ottostrsse 22 B 76227 ',9499354,9499492,'KAR-0721','Stefan.Feistl@dachser.com');
insert into tb_contactos values('BEYMAN021',800049021,'Beyerle Manfred','SWS-Speditions Ottostrsse 22 B 76227 ',9499353,9499492,'KAR-0721','Manfred.Beyerle@dachser.com');
insert into tb_contactos values('KELDOR021',800049021,'Keller Doris','SWS-Speditions Ottostrsse 22 B 76227 ',9499353,9499492,'KAR-0721','Doris.Keller@dachser.com');
insert into tb_contactos values('HIEMAR021',800049021,'Hiemer Markus','Mossmangstrasse 11. 87600 ',931320,931197,'KFB-8341','markus.Heimer@dachser.com');
insert into tb_contactos values('OSTNIC021',800049021,'Ostler Nicole','Mossmangstrasse 11. 87600 ',931320,931197,'KFB-8341','Nicole.Ostler@dachser.com');
insert into tb_contactos values('WAGNIC021',800049021,'Wagner Nicole','Mossmangstrasse 11. 87600 ',931320,931197,'KFB-8341','Nicole.Wagner@dachser.com');
insert into tb_contactos values('MÜLJOC021',800049021,'Müller Jochen','Steinzeugstr.94  68229',4707491,4707499,'MHG-0621','Jochen.Mueller@dachser.com');
insert into tb_contactos values('HELMAR021',800049021,'Helly Marc','Steinzeugstr.94  68229',4707492,4707499,'MHG-0621','Marc.Helly@dachser.com');
insert into tb_contactos values('HERGER021',800049021,'Hermann Gerhard','Steinzeugstr.94  68229',4707492,4707499,'MHG-0621','Gerhard.Hermann@dachser.com');
insert into tb_contactos values('DIEMAR021',800049021,'Diefenbacher Martina','Steinzeugstr.94  68229',4707487,4707499,'MHG-0621','Martina.Diefendacher@dachser.com');
insert into tb_contactos values('KURTIM021',800049021,'Kurr Tim','Steinzeugstr.94  68229',4707487,4707499,'MHG-0621','Tim.Kurr@dachser.com');
insert into tb_contactos values('AUFKUR021',800049021,'Aufschneider Kurt','Cargo Modul I - 4th Floor, 85325',97594470,97594473,'MUC-0089','kurt.aufschneider@dachser.com');
insert into tb_contactos values('DORJOS021',800049021,'Dormaier Josef','Cargo Modul I - 4th Floor, 85325',97594466,97594474,'MUC-0089','Josef.Dormaier@dachser.com');
insert into tb_contactos values('VOIRAM021',800049021,'Voichtleitner Ramona','Cargo Modul I - 4th Floor, 85325',97594470,97594473,'MUC-0089','Ramona.Voichtleitner@dachser.com');
insert into tb_contactos values('REGSUS021',800049021,'Regnat Susanne','Cargo Modul I - 4th Floor, 85325',97594470,97594473,'MUC-0089','Susanne.Regnat@dachser.com');
insert into tb_contactos values('ROSTHO021',800049021,'Rosenbecker Thomas','Cargo Modul I - 4th Floor, 85325',97594464,97594473,'MUC-0089','Thomas.Rosenbecker@dachser.com');
insert into tb_contactos values('ZIECHR021',800049021,'Ziemann Christel','Flughafenstrasse 100. 90411 ',9936311,9963615,'NUE-0911','Christel.Ziemann@dachser.com');
insert into tb_contactos values('MEIFLO021',800049021,'Meier Florian ','Flughafenstrasse 100. 90411 ',9936331,9936339,'NUE-0911','Florian.Meier@dachser.com');
insert into tb_contactos values('SCHEVA021',800049021,'Schmidt Eva-Maria','Flughafenstrasse 100. 90411 ',9936332,9936339,'NUE-0911','Eva-Maria.Schmidt@dachser.com');
insert into tb_contactos values('HAUKAR021',800049021,'Haug Karlheinz','SWS-Speditions. Güterbahnhof 3a. 75177 ',490823,490819,'PHF-7231','Karlheinz.Haug@dachser.com');
insert into tb_contactos values('SCHHEI021',800049021,'Scherrirble Heike','SWS-Speditions. Güterbahnhof 3a. 75177 ',490823,490819,'PHF-7231','Heike.Scherrieble@dachser.com');
insert into tb_contactos values('ROENOR021',800049021,'Roeske Norbert','SWS-Speditions. Güterbahnhof 3a. 75177 ',490823,490819,'PHF-7231','Norbert.Roeske@dachser.com');
insert into tb_contactos values('FUCHAN021',800049021,'Fuchs Hans-Jürgen','Thomas-Dachser-Str 1. 66802 Überherm',4711610,4711666,'SCN-6836','Hans-Juergen.Fuchs@dachser.com');
insert into tb_contactos values('SCHMAR021',800049021,'Scherer Markus','Thomas-Dachser-Str 1. 66802 Überherm',4711611,4711666,'SCN-6836','Markus.Scherer@dachser.com');
insert into tb_contactos values('RUPCHR021',800049021,'Rupp Christian','Thomas-Dachser-Str 1. 66802 Überherm',4711611,4711666,'SCN-6836','Christian.Rupp@dachser.com');
insert into tb_contactos values('NEECAR021',800049021,'Neef Carsten','Air cargo Center Luftfrachtzentrum 610/1',9908060,9908059,'STR-0711','Carsten.neef@dachser.com');
insert into tb_contactos values('CRECAT021',800049021,'Crespin Catherine','Air cargo Center Luftfrachtzentrum 610/1',9908060,9908059,'STR-0711','Catherine.Crespin@dachser.com');
insert into tb_contactos values('SCHCHR021',800049021,'Scholz Christine','Air cargo Center Luftfrachtzentrum 610/1',9908060,9908059,'STR-0711','Christine.Scholz@dachser.com');
insert into tb_contactos values('SCHDIR021',800049021,'schnabel dirk','Air cargo Center Luftfrachtzentrum 610/1',9908060,9908059,'STR-0711','dirk.schnabel@dachser.com');
insert into tb_contactos values('TEIFRA021',800049021,'Teichen Frank','Air cargo Center Luftfrachtzentrum 610/1',9908060,9908059,'STR-0711','Frank.Teichen@dachser.com');
insert into tb_contactos values('KOEJUL021',800049021,'koerner juliane','Air cargo Center Luftfrachtzentrum 610/1',9908060,9908059,'STR-0711','juliane.koerner@dachser.com');
insert into tb_contactos values('SCHNOR021',800049021,'Scholz Norbert','Air cargo Center Luftfrachtzentrum 610/1',9908063,9908059,'STR-0711','Norbert.Scholz@dachser.com');
insert into tb_contactos values('MAEROL022',800041022,'Maeder Rolf','Air & Sea Freight Division Europastrasse 23 CH-8152 Glattbrugg',8094325,8094348,'ZHR-0001','Rolf.Maeder@dachser.com');
insert into tb_contactos values('HAAMIC024',800045024,'Haahr Michael','Cargo Centervej 17F DK-7190 Billund',508110,508210,'BLL-0079','michael.haahr@dfdstransport.dk');
insert into tb_contactos values('MUNALL024',800045024,'Munk Nielsen Allan','Cargo Centervej 17F DK-7190 Billund',508310,508410,'BLL-0079','allan.munk.nielsen@dfdstransport.dk');
insert into tb_contactos values('HARTOR024',800045024,'Hartvigsen Torben','Cargo Centervej 17F DK-7190 Billund',508300,808410,'BLL-0079','torben.hartvigsen@dfdstransport.dk');
insert into tb_contactos values('TERLEI025',800358025,'Terje Leif','Tulkintie 19, FIN-01740 Vantaa Finland',7388250,7600351,'HEL-0010','leif.terje@dfdstransport.fi');
insert into tb_contactos values('HAAJUK025',800358025,'Haapala Jukka','Tulkintie 19, FIN-01740 Vantaa Finland',7388253,7600209,'HEL-0010','Jukka.Haapala@dfdstransport.fi');
insert into tb_contactos values('MERPET025',800358025,'Meripaasi Petri','Tulkintie 19, FIN-01740 Vantaa Finland',7388277,7600277,'HEL-0010','petri.meripaasi@dfdstransport.fi');
insert into tb_contactos values('GRAARJ025',800358025,'Granander Arja','Vuorelankatu 3 P.O. Box23 FIN-20201 Turku',7388490,7600219,'HEL-0010','Arja.Granander@dfdstransport.fi');
insert into tb_contactos values('REIALA026',800353026,'Reid Alan','Turnpike Road, Ballymount, Dublin 22',4051663,4051693,'DUB-0001','alan.reid@dfdstransport.co.uk');
insert into tb_contactos values('MURDAV026',800353026,'Murray Dave','Turnpike Road, Ballymount, Dublin 22',4051646,4051693,'DUB-0001','dave.murray@dfdstransport.co.uk');
insert into tb_contactos values('ANDAND027',800046027,'Anderson Anders','Bjurögatan 15 P.O Box 50122 202 11 Malmo Sweden',6801000,6801099,'MMA-0040','anders.andersson@dfdstransport.se');
insert into tb_contactos values('OLSAND027',800046027,'Olsson Andreas','Box 74 Air Division SE-401 21',7425889,7425850,'GOT-0031','Andreas.Olsson@dfdstransport.se');
insert into tb_contactos values('ERIJAN027',800046027,'Ericcson Jan','Box 74 Air Division SE-401 21',7425857,7425856,'GOT-0031','jan.ericcson@dfdstransport.se');
insert into tb_contactos values('KLASOF027',800046027,'Klang Sofie','Box 184 SE-190 46 Stockholm-Arlanda',59492076,59492051,'STO-0008','sofie.klang@dfdstransport.se');
insert into tb_contactos values('SONKAR027',800046027,'sonny karlsson','Box 184 SE-190 46 Stockholm-Arlanda',59492076,59492051,'STO-0008','sonny.karlsson@dfdstransport.se');
insert into tb_contactos values('KENCAR027',800046027,'Kenneth Carlbom','Box 184 SE-190 46 Stockholm-Arlanda',59492076,59492051,'STO-0008','Kenneth.Carlbom@dfdstransport.se');
insert into tb_contactos values('GUNWIG027',800046027,'Gunilla Wiggstrom-Arnell','Box 184 SE-190 46 Stockholm-Arlanda',59492076,59492051,'STO-0008','Gunilla.Wiggstrom-Arnell@dfdsnts.se');
insert into tb_contactos values('COOSTE028',800044028,'Cooper Steve','Unit 1 lakeside Industrial Estate. Lakeside Road Colnbrook Berkshire. SL3 0ED',3763411,3736445,'LON-0175','steve.cooper@dfdstransport.co.uk');
insert into tb_contactos values('FIEPAU028',800044028,'Field Paul','Unit 1 lakeside Industrial Estate. Lakeside Road Colnbrook Berkshire. SL3 0ED',3763411,3736445,'LON-0175','paul.field@dfdstransport.co.uk');
insert into tb_contactos values('RICALA028',800044028,'Richards Alan','Unit 1 lakeside Industrial Estate. Lakeside Road Colnbrook Berkshire. SL3 0ED',3763411,3736445,'LON-0175','alan.richards@dfdstransport.co.uk');
insert into tb_contactos values('MALFRE028',800044028,'malkin Fred ','Office 6, Cargo terminal. Cardiff International Airport vale of Glamorgan -Wales',6710013,602975,'CWL-0000','fred.malkin@dfdstransport.uk');
insert into tb_contactos values('HILJOH028',800044028,'Hilditch John','Office 6, Cargo terminal. Cardiff International Airport vale of Glamorgan -Wales',6713241,602975,'CWL-0000','john.hilditch@dfdstransport.co.uk');
insert into tb_contactos values('MILGER028',800044028,'Miller Gerry','Office 6, Cargo terminal. Cardiff International Airport vale of Glamorgan -Wales',6713242,602975,'CWL-0000','gerry.miller@dfdstransport.co.uk');
insert into tb_contactos values('SEAIVO028',800044028,'Seabrook Ivor','Kingdbury Link  Trinity Road Piccadilly Tamworth Staffordshire. B78 2EX',7871329,7871230,'BHX-0000','ivor.seabrook@dfdstransport.co.uk');
insert into tb_contactos values('THRKAR028',800044028,'Thrilling Karen','Kingdbury Link  Trinity Road Piccadilly Tamworth Staffordshire. B78 2EX',7871255,7871262,'BHX-0000','karen.thrilling@dfdstransport.co.uk');
insert into tb_contactos values('THOSTE028',800044028,'Thompson Steve','Enterprise Point Altrincham Road ',9476517,9476539,'MAN-0162','steve.thompson@dfdstransport.co.uk');
insert into tb_contactos values('KILDAV028',800044028,'Kilbey Dave','Enterprise Point Altrincham Road ',9476516,9476539,'MAN-0162','dave.kilbey@dfdstransport.co.uk');
insert into tb_contactos values('KANTHO028',800044028,'Kane Thomas','Bothwell Park Ind. Est. Uddingston Glasgow G71 6 NZ',8805946,8805998,'GLA-0141','thomas.kane@dfdstransport.co.uk');
insert into tb_contactos values('KRAROB030',800420030,'Kraus Robert','K Letisti 57/1409, P.O. BOX 56 CZ 160 08 Prague 6-Airport ',20114654,20113920,'PRG-0002','rkraus@dfdstransport.cz');
insert into tb_contactos values('KOLMAR030',800420030,'Kolafa Martin','K Letisti 57/1409, P.O. BOX 56 CZ 160 08 Prague 6-Airport ',20114654,20113920,'PRG-0002','mkolafa@dfdstransport.cz');
insert into tb_contactos values('ESPFAB031',800056031,'Espinoza Fabian','San Pio X 2460 Of 1509 Providencia',4210850,4210848,'SCL-0002','fabianespinoza@galper.cl');
insert into tb_contactos values('MONROD031',800056031,'Monsalve Rodrigo','San Pio X 2460 Of 1509 Providencia',4210850,4210848,'SCL-0002','rodrigomonsalve@galper.cl');
insert into tb_contactos values('WERELF033',800043033,'Werdenich Elfriede','Air & Sea Terminal Vienna P.O BOX 2 A-1300 Vienna Airport',700732410,700733329,'VIE-0001','elfriede.werdenich@weisslogistics.com');
insert into tb_contactos values('SALGEO033',800043033,'salamonsberger Georg','A-4020 Linz. Prinz-Eugen-Strasse 33, postfach 309',76550,771311,'LNZ-0732','georg.salamonsberger@weisslogistics.com');
insert into tb_contactos values('PEHMAR033',800043033,'peham Mario','A-4020 Linz. Prinz-Eugen-Strasse 33, postfach 309',76550,771311,'LNZ-0732','mario.peham@weisslogistics.com');
insert into tb_contactos values('WINPET033',800043033,'Windhager Peter','A-4020 Linz. Prinz-Eugen-Strasse 33, postfach 309',76550,771311,'LNZ-0732','Peter.Windhager@weisslogistics.com');
insert into tb_contactos values('SCHCHR033',800043033,'schonauer Christina','A-4020 Linz. Prinz-Eugen-Strasse 33, postfach 309',76550,771311,'LNZ-0732','christina.schonauer@weisslogistics.com');
insert into tb_contactos values('MARTHO033',800043033,'martinek Thomas','A-4020 Linz. Prinz-Eugen-Strasse 33, postfach 309',76550,771311,'LNZ-0732','thomas.martinek@weisslogistics.com');
insert into tb_contactos values('SCHCHR033',800043033,'schoenauer Christina','A-4020 Linz. Prinz-Eugen-Strasse 33, postfach 309',76550,771311,'LNZ-0732','christina.schoenauer@weisslogistics.com');
insert into tb_contactos values('PERRAJ034',800091034,'Pereira Rajesh',321,5555215,5555289,'BOM-0022','rajper@globalsaga.com');
insert into tb_contactos values('CAMNAN035',800593035,'Campaña Nancy','Naciones Unidas 377 Shyris',2440102,2442479,'UIO-0002','sedeiuio@uio.satnet.net');
insert into tb_contactos values('SEGROS035',800593035,'Segarra Rosa','Cdla. Los Almendros, calle las gaviotas y peatonal quinta',2447310,2442447,'GYE-0004','sedeigye@gye.satnet.net');
insert into tb_contactos values('GORGIO015',800039015,'Gorla Giovanni','I-20161 Milano Via Nicolodi, 15',64670011,6465971,'MIL-0002','ggorla@bianchimilano.it');
insert into tb_contactos values('BOCLOR015',800039015,'Bocchini Loredana','I-20161 Milano Via Nicolodi, 15',64670011,6465971,'MIL-0002','customersvc@bianchimilano.it');
insert into tb_contactos values('ROSNAD015',800039015,'Rossi Nadia ','I-20161 Milano Via Nicolodi, 15',64670011,6465971,'MIL-0002','optsea2@bianchimilano.it');
insert into tb_contactos values('GERJAN018',800001018,'Gerdes Jan',10925,5973990,5974339,'MIA-0305','jgerdes@coltrans.com');
insert into tb_contactos values('LOPLEO018',800001018,'Lopez Leonor',10925,5973990,5974339,'MIA-0305','llopez@coltrans.com');
insert into tb_contactos values('REIROL018',800001018,'Reich Rolando ',10925,5973990,5974339,'MIA-0305','rriech@coltrans.com');
insert into tb_contactos values('RUICHR031',800056031,'Ruiz Christian','San Pio X 2460 Of 1509 Providencia',4210850,4210848,'SCL-0002','christianruiz@galper.cl');
insert into tb_contactos values('OCOFRA036',800034036,'Ocon Francisco','Pol. Industrial Pratense, C/100, Num 20 E-08820 El Prat De Llobregat  (BCN)',479.89,479.88,'BCN-0093','focon-bcn@es-hamanngroup.com');
insert into tb_contactos values('MOLANG036',800034036,'Molina Angel','Pol. Industrial Pratense, C/100, Num 20 E-08820 El Prat De Llobregat  (BCN)',479.89,479.88,'BCN-0093','amolina-bcn@es-hamanngroup.com');
insert into tb_contactos values('DE EST036',800034036,'De Dios Esther ','Polg. Aparcabisa , B-1       48510 - Trapaga (Spain)',4189018,4189146,'BIO-0004','ededios-bil@es-hamanngroup.com');
insert into tb_contactos values('MARIÑA036',800034036,'Marcos Iñaki','Polg. Aparcabisa , B-1       48510 - Trapaga (Spain)',4189018,4189146,'BIO-0004','imarcos-bil@es-hamanngroup.com');
insert into tb_contactos values('GASMAR036',800034036,'Gascon Marian','',2052072,2052097,'MAD-0091','mgascon-mad@es-hamanngroup.com');
insert into tb_contactos values('PERALI036',800034036,'Peris Alicia','Pol. Ind. Mediterraneo,  Avd. Mediterraneo, 10 /  E-46550 Albuixech (Val)',1416021,1416088,'VLC-0096','nperis-val@es-hamanngroup.com ');
insert into tb_contactos values('ROECRI036',800034036,'Roesl Cristina','Pol. Ind. Mediterraneo,  Avd. Mediterraneo, 10 /  E-46550 Albuixech (Val)',1416021,1416088,'VLC-0096','croesl-val@es-hamanngroup.com');
insert into tb_contactos values('MILKAI045',800055045,'Miller Kaiser','Av. Presidente Vargas, 446 gr/904/ 20071-000-Centro-Rio de Janeiro',2233,2233,'GIG-0021','kaiser-rio@leschaco.com.br ');
insert into tb_contactos values('MUNWIL045',800055045,'Muniz Willians','Rua Arizona 1366 - 1 And Edificio Arandu 04563-003 ',55060633,55063198,'SAO-0011','willians-sao@leschaco.com.br ');
insert into tb_contactos values('PERGIS045',800055045,'Pereira Gisele ','Rua Arizona 1366 - 1 And Edificio Arandu 04563-003 ',5506,55063198,'SAO-0011','gisele-sao@leschaco.com.br');
insert into tb_contactos values('ARAWIL045',800055045,'Araujo Wilton ','Rua Arizona 1366 - 1 And Edificio Arandu 04563-003 ',5506,55063198,'SAO-0011','wilton-sao@leschaco.com.br');
insert into tb_contactos values('LOPALE046',800052046,'Lopez Alejandra','Blvd. Manuel Avila Camacho No. 88; Piso 5 Colonia Lomas de Chapultepec C.P. 11000, México, D.F',59854046,59854046,'MEX-0055','alopez@leschaco.com.mx');
insert into tb_contactos values('TORSHA046',800052046,'Torres Shantal ','Blvd. Manuel Avila Camacho No. 88; Piso 5 Colonia Lomas de Chapultepec C.P. 11000, México, D.F',59854046,59854046,'MEX-0055','storres@leschaco.com.mx ');
insert into tb_contactos values('MUNMAL046',800052046,'Munguia Malinalli','Blvd. Manuel Avila Camacho No. 88; Piso 5 Colonia Lomas de Chapultepec C.P. 11000, México, D.F',59854046,59854046,'MEX-0055','mmunguia@leschaco.com.mx');
insert into tb_contactos values('DECSTE047',800032047,'Declercq Stephane','Haven 200 nieuwlandenweg 4  b-2030 Antwerp  Belgium',5419211,5419426,'ANR-0032','sdeclercq@leschaco.be');
insert into tb_contactos values('JESNIK047',800032047,'Jespers Niki','Haven 200 nieuwlandenweg 4  b-2030 Antwerp  Belgium',5419211,5419426,'ANR-0032','njespers@leschaco.be');
insert into tb_contactos values('LUXRIC064',800054064,'Luxardo Ricardo ','Maipu 871 Piso 4 Oficina A',43150786,43150787,'BUE-0011','rluxardo@viacarga.com.ar ');
insert into tb_contactos values('LAITAC006',800852006,'Lai Tacko','Units 3403-6, 34/F AIA Tower 183 Electric Road, North Point ',8656868,5202019,'HKG-0002','tacko.lai@airsea.com.hk');
insert into tb_contactos values('MAKKEN006',800852006,'Mak Kennie','Units 3403-6, 34/F AIA Tower 183 Electric Road, North Point ',8656868,5202019,'HKG-0002','kennie.mak@airsea .com.hk');
insert into tb_contactos values('HOMAT006',800852006,'Ho Matt','Units 3403-6, 34/F AIA Tower 183 Electric Road, North Point ',8656868,5202019,'HKG-0002','matt.ho@airsea.com.hk');
insert into tb_contactos values('CHAGAR006',800852006,'Chan Gary','Units 3403-6, 34/F AIA Tower 183 Electric Road, North Point ',8656868,5202019,'HKG-0002','gary.chang@airsea.com.hk');
insert into tb_contactos values('LIUSES007',800086007,'Liu Sesame ','Room 2301Guidu Building 3007 Chunfeng Road ',82305800,82305809,'SZX-0755','sesame.liu@aswcszx.com');
insert into tb_contactos values('CHEEUN007',800086007,'Chen Eunice','Room 2301Guidu Building 3007 Chunfeng Road ',82305800,82305809,'SZX-0755','eunice.chen@aswcszx.com');
insert into tb_contactos values('FANJUL007',800086007,'Fan Julia','Room 2301Guidu Building 3007 Chunfeng Road ',82305800,82305809,'SZX-0755','julia.fan@aswcszx.com');
insert into tb_contactos values('ALMYAD008',800507008,'Almengor Yadira','Via Brasil Ave 1ra El Carmen Edificio Villa Sol Mezzanine',2698988,2698061,'PTY-0000','yalmengor@airseaworldwidepty.com');
insert into tb_contactos values('BENELE008',800507008,'Bennett Eleyda','France Rield, Manzana 15, Area Comercial / Local No.8 Colon Free Zone',4300838,4302603,'PTY-0000','export_manager@airseaworldwidepty.com');
insert into tb_contactos values('LINJOE009',800088009,'Lin Joey',13,227406531,227524145,'TPE-0886','joey@aswtpe.com.tw');
insert into tb_contactos values('TAIBAN009',800088009,'Tai Banny',13,227406531,227524145,'TPE-0886','banny@aswtpe.com.tw');
insert into tb_contactos values('XIESAL010',800086010,'Xie Sally','Room 1707-1711 M&M Building No. 226 Dongdu Road, Xiamen, China',6011891,6011896,'XMN-0592','sally@aswxmn.com.tw');
insert into tb_contactos values('LOULUC013',800086013,'Lou Lucy','Room 2110  Unión Building No. 100 Yan an Road ',63295337,63232835,'SHA-0021','lucy.lou@aswsha.com.cn');
insert into tb_contactos values('ZHUCLA013',800086013,'Zhu Claire','Room 2110  Unión Building No. 100 Yan an Road ',63295337,63232835,'SHA-0021','claire.zhu@aswsha.com.cn');
insert into tb_contactos values('SHAMIC014',800086014,'Shang Michelle','Room 1609 Mansion B. Great Era (Dashidai) Building  No. 105 Remin Road, Jiangbei District ',87355105,87671222,'NGB-0574','michelle_shang@aswningbo.com');
insert into tb_contactos values('JOHJAM034',800091034,'John James',321,5555215,5555289,'BOM-0022','jjames@globalsaga.com');
insert into tb_contactos values('DSORIE034',800091034,'DSouza Rienzie',321,5555215,5555289,'BOM-0022','rdsouza@globalsaga.com');
insert into tb_contactos values('CAMNAN035',800593035,'Campaña Nancy','Naciones Unidas 377 Shyris',2440102,2442479,'UIO-0002','sedeiuio@uio.satnet.net');
insert into tb_contactos values('SUZYOK040',800081040,'Suzuki Yoko ','Sunrise Mita Bldg 5F 16-12 Shiba 3 Chome Minato - Ku Tokyo Japan 105-0014',37983566,37983567,'TYO-0033','suzuki_yoko@leschaco-japan.com');
insert into tb_contactos values('CHAANC041',800066041,'Chaiyakit Anchalee',3354,2498601,6716600,'BKK-0202','anchalee@leschaco.co.th');
insert into tb_contactos values('CHOJAS044',800082044,'Cho Jason',11,34441879,5171879,'SEL-0002','jason@leschaco.co.kr');
insert into tb_contactos values('TAYCHR048',800065048,'Tay Christina','No. 9 Changi South  Street 2, # 03-00  Singapore 486631',65401842,65457088,'SIN-0000','christina@leschaco.com.sg');
insert into tb_contactos values('SASCHR050',800049050,'Saschinski Christine','Kap-Horn-Strasse 18 28237 Bremen',6101,6101,'BRE-0421','saschinski_christine@leschaco.de');
insert into tb_contactos values('MEIJAN050',800049050,'Meine Jan','Kap-Horn-Strasse 18 28237 Bremen',6101,6101,'BRE-0421','meine_jan@leschaco.de');
insert into tb_contactos values('YANSUN052',800086052,'Yang Sunny ','Room 1501&4 15/F Fu Tai Square 18 Hong Kong Zhong Road ',5758021,5716507,'TAO-0532','sunny@airseaquingdao.com');
insert into tb_contactos values('LEESAN053',800086053,'Lee Sandy','Room 2203-2204 Gold Name Tower 68 Renmin Road Zhongshan Ward',82718866,82719911,'DCL-0411','ocean-ex@airseadalian.com.cn');
insert into tb_contactos values('YANKAR055',800086055,'Yan Karl','Room 2201 Tianxing Riverfront Square  No. 81 Shi-Yi -Jung Road Hedong District',24313966,24311766,'TSN-0022','karl@airseadalian.com.cn');
insert into tb_contactos values('RUDRUD058',800062058,'Rudiyanto Rudi','Wisma Pondok Indah Suite 205 Jl. Sultan Iskandar Muda Kav V-Ta  Jakarta Selatan 12310',7509787,7509680,'JKT-0021','dprudi@leschaco.co.id');
insert into tb_contactos values('MIRRAQ059',800051059,'Miranda Raquel','Calle Burgos 220 Lima 27',4404861,4402868,'LIM-0001','rmiranda@pacificcargo.com.pe');
insert into tb_contactos values('PIOELI061',800033061,'Pionnier Elisabeth',190,32747919,32747906,'LEH-0235','e.pionnier@sagactl.com');
insert into tb_contactos values('HAUJER061',800033061,'Hauet Jerome',190,32747851,32747906,'LEH-0235','j.hauet@sagactl.com');

delete from tb_representantes;
insert into tb_representantes values('AMS-0020','STOFRE001','','Aéreo');
insert into tb_representantes values('AMS-0020','SCHHEN001','','Aéreo');
insert into tb_representantes values('ZHR-0043','KOIDAN002','','Aéreo');
insert into tb_representantes values('YTO-0416','BECALL003','','Aéreo');
insert into tb_representantes values('LAX-0310','BEASAN004','','Aéreo');
insert into tb_representantes values('LAX-0310','TORTEN004','','Aéreo');
insert into tb_representantes values('HKG-0002','NGWIL005','','Aéreo');
insert into tb_representantes values('HKG-0002','LEURON005','','Aéreo');
insert into tb_representantes values('HKG-0002','WONBIL005','','Aéreo');
insert into tb_representantes values('HKG-0002','LEUPAN005','','Aéreo');
insert into tb_representantes values('PTY-0000','LINLOL008','','Aéreo');
insert into tb_representantes values('PTY-0000','LAYVAL008','','Aéreo');
insert into tb_representantes values('TPE-0886','LEEHAN009','','Aéreo');
insert into tb_representantes values('TPE-0886','CHICYR009','','Aéreo');
insert into tb_representantes values('TPE-0886','WANMAX009','','Aéreo');
insert into tb_representantes values('SHA-0021','CXIJES013','','Aéreo');
insert into tb_representantes values('SHA-0021','CHEAMY013','','Aéreo');
insert into tb_representantes values('MIL-0002','MORMAU015','','Aéreo');
insert into tb_representantes values('MIL-0002','RESROB015','','Aéreo');
insert into tb_representantes values('MIL-0002','BOCLOR015','','Aéreo');
insert into tb_representantes values('TLV-0203','BIVSAM016','','Aéreo');
insert into tb_representantes values('MIA-0305','BASTER018','','Aéreo');
insert into tb_representantes values('BRU-0002','VANGUN019','','Aéreo');
insert into tb_representantes values('BRU-0002','VANCHR019','','Aéreo');
insert into tb_representantes values('CCS-0212','LOPAGU020','','Aéreo');
insert into tb_representantes values('FRA-0069','STEFLO021','','Aéreo');
insert into tb_representantes values('FRA-0069','ROHEVA021','','Aéreo');
insert into tb_representantes values('FRA-0069','BRAMIC021','','Aéreo');
insert into tb_representantes values('ALS-2404','STOKLA021','','Aéreo');
insert into tb_representantes values('ALS-2404','SAUJOC021','','Aéreo');
insert into tb_representantes values('BER-0030','HAGMIC021','','Aéreo');
insert into tb_representantes values('BRE-0421','HARMAT021','','Aéreo');
insert into tb_representantes values('BRE-0421','BLOFLO021','','Aéreo');
insert into tb_representantes values('CGN-2203','VONMAT021','','Aéreo');
insert into tb_representantes values('CGN-2203','HESHOL021','','Aéreo');
insert into tb_representantes values('CGN-2203','BRUBIA021','','Aéreo');
insert into tb_representantes values('CGN-2203','TAUSTE021','','Aéreo');
insert into tb_representantes values('DUS-0211','HOHCHR021','','Aéreo');
insert into tb_representantes values('DUS-0211','RUPMAR021','','Aéreo');
insert into tb_representantes values('DUS-0211','GASSEB021','','Aéreo');
insert into tb_representantes values('DUS-0211','RANAND021','','Aéreo');
insert into tb_representantes values('FMO-5485','KIPMIC021','','Aéreo');
insert into tb_representantes values('FMO-5485','THIHAN021','','Aéreo');
insert into tb_representantes values('HAM-0040','HARDIR021','','Aéreo');
insert into tb_representantes values('HAM-0040','SCHKAI021','','Aéreo');
insert into tb_representantes values('HAM-0040','PFEMAL021','','Aéreo');
insert into tb_representantes values('HAJ-0511','NOLTHO021','','Aéreo');
insert into tb_representantes values('HAJ-0511','WERJEN021','','Aéreo');
insert into tb_representantes values('HAJ-0511','GEPBER021','','Aéreo');
insert into tb_representantes values('KAR-0721','FEISTE021','','Aéreo');
insert into tb_representantes values('KAR-0721','BEYMAN021','','Aéreo');
insert into tb_representantes values('KAR-0721','KELDOR021','','Aéreo');
insert into tb_representantes values('KFB-8341','HIEMAR021','','Aéreo');
insert into tb_representantes values('KFB-8341','OSTNIC021','','Aéreo');
insert into tb_representantes values('KFB-8341','WAGNIC021','','Aéreo');
insert into tb_representantes values('MHG-0621','MÜLJOC021','','Aéreo');
insert into tb_representantes values('MHG-0621','HELMAR021','','Aéreo');
insert into tb_representantes values('MHG-0621','HERGER021','','Aéreo');
insert into tb_representantes values('MHG-0621','DIEMAR021','','Aéreo');
insert into tb_representantes values('MHG-0621','KURTIM021','','Aéreo');
insert into tb_representantes values('MUC-0089','AUFKUR021','','Aéreo');
insert into tb_representantes values('MUC-0089','DORJOS021','','Aéreo');
insert into tb_representantes values('MUC-0089','VOIRAM021','','Aéreo');
insert into tb_representantes values('MUC-0089','REGSUS021','','Aéreo');
insert into tb_representantes values('MUC-0089','ROSTHO021','','Aéreo');
insert into tb_representantes values('NUE-0911','ZIECHR021','','Aéreo');
insert into tb_representantes values('NUE-0911','MEIFLO021','','Aéreo');
insert into tb_representantes values('NUE-0911','SCHEVA021','','Aéreo');
insert into tb_representantes values('PHF-7231','HAUKAR021','','Aéreo');
insert into tb_representantes values('PHF-7231','SCHHEI021','','Aéreo');
insert into tb_representantes values('PHF-7231','ROENOR021','','Aéreo');
insert into tb_representantes values('SCN-6836','FUCHAN021','','Aéreo');
insert into tb_representantes values('SCN-6836','SCHMAR021','','Aéreo');
insert into tb_representantes values('SCN-6836','RUPCHR021','','Aéreo');
insert into tb_representantes values('STR-0711','NEECAR021','','Aéreo');
insert into tb_representantes values('STR-0711','CRECAT021','','Aéreo');
insert into tb_representantes values('STR-0711','SCHCHR021','','Aéreo');
insert into tb_representantes values('STR-0711','SCHDIR021','','Aéreo');
insert into tb_representantes values('STR-0711','TEIFRA021','','Aéreo');
insert into tb_representantes values('STR-0711','KOEJUL021','','Aéreo');
insert into tb_representantes values('STR-0711','SCHNOR021','','Aéreo');
insert into tb_representantes values('ZHR-0001','MAEROL022','','Aéreo');
insert into tb_representantes values('BLL-0079','HAAMIC024','','Aéreo');
insert into tb_representantes values('BLL-0079','MUNALL024','','Aéreo');
insert into tb_representantes values('BLL-0079','HARTOR024','','Aéreo');
insert into tb_representantes values('HEL-0010','TERLEI025','','Aéreo');
insert into tb_representantes values('HEL-0010','HAAJUK025','','Aéreo');
insert into tb_representantes values('HEL-0010','MERPET025','','Aéreo');
insert into tb_representantes values('HEL-0010','GRAARJ025','','Aéreo');
insert into tb_representantes values('DUB-0001','REIALA026','','Aéreo');
insert into tb_representantes values('DUB-0001','MURDAV026','','Aéreo');
insert into tb_representantes values('MMA-0040','ANDAND027','','Aéreo');
insert into tb_representantes values('GOT-0031','OLSAND027','','Aéreo');
insert into tb_representantes values('GOT-0031','ERIJAN027','','Aéreo');
insert into tb_representantes values('STO-0008','KLASOF027','','Aéreo');
insert into tb_representantes values('STO-0008','SONKAR027','','Aéreo');
insert into tb_representantes values('STO-0008','KENCAR027','','Aéreo');
insert into tb_representantes values('STO-0008','GUNWIG027','','Aéreo');
insert into tb_representantes values('LON-0175','COOSTE028','','Aéreo');
insert into tb_representantes values('LON-0175','FIEPAU028','','Aéreo');
insert into tb_representantes values('LON-0175','RICALA028','','Aéreo');
insert into tb_representantes values('CWL-0000','MALFRE028','','Aéreo');
insert into tb_representantes values('CWL-0000','HILJOH028','','Aéreo');
insert into tb_representantes values('CWL-0000','MILGER028','','Aéreo');
insert into tb_representantes values('BHX-0000','SEAIVO028','','Aéreo');
insert into tb_representantes values('BHX-0000','THRKAR028','','Aéreo');
insert into tb_representantes values('MAN-0162','THOSTE028','','Aéreo');
insert into tb_representantes values('MAN-0162','KILDAV028','','Aéreo');
insert into tb_representantes values('GLA-0141','KANTHO028','','Aéreo');
insert into tb_representantes values('PRG-0002','KRAROB030','','Aéreo');
insert into tb_representantes values('PRG-0002','KOLMAR030','','Aéreo');
insert into tb_representantes values('SCL-0002','ESPFAB031','','Aéreo');
insert into tb_representantes values('SCL-0002','MONROD031','','Aéreo');
insert into tb_representantes values('VIE-0001','WERELF033','','Aéreo');
insert into tb_representantes values('LNZ-0732','SALGEO033','','Aéreo');
insert into tb_representantes values('LNZ-0732','PEHMAR033','','Aéreo');
insert into tb_representantes values('LNZ-0732','WINPET033','','Aéreo');
insert into tb_representantes values('LNZ-0732','SCHCHR033','','Aéreo');
insert into tb_representantes values('LNZ-0732','MARTHO033','','Aéreo');
insert into tb_representantes values('LNZ-0732','SCHCHR033','','Aéreo');
insert into tb_representantes values('BOM-0022','PERRAJ034','','Aéreo');
insert into tb_representantes values('UIO-0002','CAMNAN035','','Aéreo');
insert into tb_representantes values('GYE-0004','SEGROS035','','Aéreo');
insert into tb_representantes values('MIL-0002','GORGIO015','','Marítimo');
insert into tb_representantes values('MIL-0002','BOCLOR015','','Marítimo');
insert into tb_representantes values('MIL-0002','ROSNAD015','','Marítimo');
insert into tb_representantes values('MIA-0305','GERJAN018','','Marítimo');
insert into tb_representantes values('MIA-0305','LOPLEO018','','Marítimo');
insert into tb_representantes values('MIA-0305','REIROL018','','Marítimo');
insert into tb_representantes values('SCL-0002','RUICHR031','','Marítimo');
insert into tb_representantes values('BCN-0093','OCOFRA036','','Marítimo');
insert into tb_representantes values('BCN-0093','MOLANG036','','Marítimo');
insert into tb_representantes values('BIO-0004','DE EST036','','Marítimo');
insert into tb_representantes values('BIO-0004','MARIÑA036','','Marítimo');
insert into tb_representantes values('MAD-0091','GASMAR036','','Marítimo');
insert into tb_representantes values('VLC-0096','PERALI036','','Marítimo');
insert into tb_representantes values('VLC-0096','ROECRI036','','Marítimo');
insert into tb_representantes values('GIG-0021','MILKAI045','','Marítimo');
insert into tb_representantes values('SAO-0011','MUNWIL045','','Marítimo');
insert into tb_representantes values('SAO-0011','PERGIS045','','Marítimo');
insert into tb_representantes values('SAO-0011','ARAWIL045','','Marítimo');
insert into tb_representantes values('MEX-0055','LOPALE046','','Marítimo');
insert into tb_representantes values('MEX-0055','TORSHA046','','Marítimo');
insert into tb_representantes values('MEX-0055','MUNMAL046','','Marítimo');
insert into tb_representantes values('ANR-0032','DECSTE047','','Marítimo');
insert into tb_representantes values('ANR-0032','JESNIK047','','Marítimo');
insert into tb_representantes values('BUE-0011','LUXRIC064','','Marítimo');
insert into tb_representantes values('HKG-0002','LAITAC006','','Marítimo');
insert into tb_representantes values('HKG-0002','MAKKEN006','','Marítimo');
insert into tb_representantes values('HKG-0002','HOMAT006','','Marítimo');
insert into tb_representantes values('HKG-0002','CHAGAR006','','Marítimo');
insert into tb_representantes values('SZX-0755','LIUSES007','','Marítimo');
insert into tb_representantes values('SZX-0755','CHEEUN007','','Marítimo');
insert into tb_representantes values('SZX-0755','FANJUL007','','Marítimo');
insert into tb_representantes values('PTY-0000','ALMYAD008','','Marítimo');
insert into tb_representantes values('PTY-0000','BENELE008','','Marítimo');
insert into tb_representantes values('TPE-0886','LINJOE009','','Marítimo');
insert into tb_representantes values('TPE-0886','TAIBAN009','','Marítimo');
insert into tb_representantes values('XMN-0592','XIESAL010','','Marítimo');
insert into tb_representantes values('SHA-0021','LOULUC013','','Marítimo');
insert into tb_representantes values('SHA-0021','ZHUCLA013','','Marítimo');
insert into tb_representantes values('NGB-0574','SHAMIC014','','Marítimo');
insert into tb_representantes values('BOM-0022','JOHJAM034','','Marítimo');
insert into tb_representantes values('BOM-0022','DSORIE034','','Marítimo');
insert into tb_representantes values('UIO-0002','CAMNAN035','','Marítimo');
insert into tb_representantes values('TYO-0033','SUZYOK040','','Marítimo');
insert into tb_representantes values('BKK-0202','CHAANC041','','Marítimo');
insert into tb_representantes values('SEL-0002','CHOJAS044','','Marítimo');
insert into tb_representantes values('SIN-0000','TAYCHR048','','Marítimo');
insert into tb_representantes values('BRE-0421','SASCHR050','','Marítimo');
insert into tb_representantes values('BRE-0421','MEIJAN050','','Marítimo');
insert into tb_representantes values('TAO-0532','YANSUN052','','Marítimo');
insert into tb_representantes values('DCL-0411','LEESAN053','','Marítimo');
insert into tb_representantes values('TSN-0022','YANKAR055','','Marítimo');
insert into tb_representantes values('JKT-0021','RUDRUD058','','Marítimo');
insert into tb_representantes values('LIM-0001','MIRRAQ059','','Marítimo');
insert into tb_representantes values('LEH-0235','PIOELI061','','Marítimo');
insert into tb_representantes values('LEH-0235','HAUJER061','','Marítimo');

delete from tb_transportistas;
insert into tb_transportistas values(890107200,7,'AGENCIA MARITIMA INTERNACIONAL AMI','Cra. 18 No. 88-17 of. 303',2364662,2576376,'BOG-0001','','amibog@cable.net.co');
insert into tb_transportistas values(800192024,1,'AQUARIUS SHIPPING LTDA','Calle 96 No. 13 A 33 Piso 2o.',6914406,6914536,'BOG-0001','www.aquarius.com.co','mpinzon@aquarius.com.co');
insert into tb_transportistas values(811023952,8,'ALMAGRAN CARGO','Calle 44 A No. 93-64',4041414,4041827,'BOG-0001','www.almagran.com','jairog@almagran.com');
insert into tb_transportistas values(860017501,4,'ATL LINE LTDA','Calle 93 B No. 17-25 Of. 207B',6918727,6917521,'BOG-0001','www.atlexpress.com','atl.col@impsat.net.co');
insert into tb_transportistas values(830028840,3,'AGENCIA MARITIMA GRANCOLOMBIANA S.A.','Cra. 11 No. 93-53 Piso 7 y 8',6019000,6351543,'BOG-0001','www.tmcolombia.com.co','neslora@amg.com.co');
insert into tb_transportistas values(800181561,8,'C.C.L.AGENCIA MARÍTIMA ALTAMAR LTDA','Calle 98 No. 22-64 Of. 601',6233351,6222610,'BOG-0001','www.costacontainer.com','costacontainerbog4@cable.net.co');
insert into tb_transportistas values(800251588,7,'AGUNSACOLOMBIA S.A.','Cra. 79 No. 67-02 of. 1202',3146149,2355573,'BOG-0001','','agunsabo@colomsat.net.co');
insert into tb_transportistas values(830088574,5,'COLGRUPAJES','Calle 99 No. 8-27 Of. 205',6017667,6017545,'BOG-0001','','colgrupajes@cable.net.co');
insert into tb_transportistas values(860006765,3,'COMPAÑÍA TRANSPORTADORA','Cra. 10 No. 28-49 Piso 19',3275127,3411147,'BOG-0001','www.ciatransportadora.com','contactenos@ciatransportadora.com');
insert into tb_transportistas values(811022799,2,'COMPAÑÍA LOGISTICA COLOMBIANA LTDA','Av. 100 No. 8a 49 Torre B Of. 906',6113951,6113970,'BOG-0001','www.greatwhitefleet.com','clc@impsat.net.co');
insert into tb_transportistas values(860031615,2,'CMA-CGM LTDA','Cra. 7a. No. 67-02 Of. 1202',2355878,2355878,'BOG-0001','www.cma-cgm.com','cmacgm@colomsat.net.co');
insert into tb_transportistas values(830099025,0,'CONSOLCARGO LTDA','Cra. 99 No. 46 A 34',4101099,5402172,'BOG-0001','www.consolcargo.com','jcastro@consolcargo.com');
insert into tb_transportistas values(860078620,2,'COMPAÑIA SUDAMERICANA DE VAPORES *NAVEMAR S.A.*','Calle 100 No. 8 A 49 Of. 8 TorreB',6100299,6113630,'BOG-0001','','navegarbog@colnvmr.co');
insert into tb_transportistas values(830017999,8,'EXPRESS CARGO LINE LTDA','Calle.114 No.6A-92 Of.D 515 ',6203737,6203660,'BOG-0001','www. ecl.com.co','comercial2@ecl.com.co');
insert into tb_transportistas values(800180908,5,'ECULINE LTDA','Cra.103 No,47-85 Of. 110   ',4139556,4135031,'BOG-0001','www.eculine.net','dazap@ecubog.eculine.net');
insert into tb_transportistas values(860005101,9,'EDUARDO GERLEIN S.A.','Carrera 10 No.28-49 Piso 14',2846812,3374987,'BOG-0001','www.gerlein.com','gerlein@gerlein.com.co');
insert into tb_transportistas values(811001005,3,'GLOBAL SHIPPING AGENCIES S.A.-EVERGREEN','Cra. 7 No.74-21 Piso 5',3451800,3104539,'BOG-0001','www.gsacol.com','nancybernal@gsacol.com');
insert into tb_transportistas values(830002655,4,'INTERWORLD FREIGHT LTDA','Calle 18 No. 6-56 Of. 406',3274747,3274748,'BOG-0001','www.iw-logistics.com','oper-nal@interworldfreight.com.co');
insert into tb_transportistas values(800235053,1,'MAERSK COLOMBIA S.A.','Calle 98 No.22-64 Of.409',6223777,2568392,'BOG-0001','www.maersksealand.com','bqgalgen@maersk.com');
insert into tb_transportistas values(800159856,3,'MAHE FREIGHT LTDA','Av.El Dorado No. 84 A 55 Of. 306',4101055,4107347,'BOG-0001','www.mahe.com.co','cespinosa@mahe.com.co');
insert into tb_transportistas values(860031615,2,'MARITRANS LTDA','Cra 7 No.67-02 OF.304 ',2355878,2110015,'BOG-0001','','maritbog@colomsat.net.co');
insert into tb_transportistas values(830113266,9,'SMI SERVICIOS MARITIMOS INTEGRADOS DE COLOMBIA SA','Cra. 12 No.90-20 Of. 203',6228380,2571573,'BOG-0001','','jariza@smicolombia.com');
insert into tb_transportistas values(830018078,4,'MEDITALIA','Calle 100 No. 8A 49 Piso 8',6210591,6211226,'BOG-0001','','medibog@meditalia.com.co');
insert into tb_transportistas values(800249687,1,'MEDITERRANEAN SHIPPING COMPANY COLOMBIA S.A.','Calle 100 N. 8 A 55 Of. 218',6112787,6107347,'BOG-0001','www.mscgva.com','pmariño@msccolombia.com.co');
insert into tb_transportistas values(860001560,8,'NAVEMAR S.A.','Calle 100 No.8A-49 Piso 8 Torre B',6100299,6113630,'BOG-0001','','navebog@cable.nte.co');
insert into tb_transportistas values(860532426,7,'NAVES','Cra. 12 No.79-32 Piso 4',3172426,3172404,'BOG-0001','www.navescolombia.com','oprbog@navescolombia.com');
insert into tb_transportistas values(800203644,7,'NEDTRANS.S.A.','Calle 100 No.8A-49 Torre B',3274040,3530460,'BOG-0001','www.ponl.com.com','trip@nedtrans.com.co');
insert into tb_transportistas values(800250763,5,'SEABOARD COLOMBIA LTDA','Cra.12 No.79-43 Of.701',3130403,3130468,'BOG-0001','www.seaboardmariner.com','seaboard@seaboardcolombia.net');
insert into tb_transportistas values(800116249,8,'TRANSMARES','Cra. 14 No. 93B 46 Of. 201',4110772,4110752,'BOG-0001','www.transmares.com.co','carias@transmares.com.co');
insert into tb_transportistas values(800236908,8,'TRANSPORTES NAVIEROS DE COLOMBIA S.A NYK LINE','Calle 100 No. 8A 49 Of. 912',6100299,2189783,'BOG-0001','','tnc-bog@colnvmr.com');
insert into tb_transportistas values(800241469,6,'TRANSBORDER LTDA','Cra 75No 17-51 Piso 11',3416477,2815409,'BOG-0001','www.transborder.com.co','chernandez@transborder.com.co');
insert into tb_transportistas values(830022012,4,'TRASLADOS INTERNACIONALES CARGA LTDA','Cra. 103 No. 47-85 Of. 312',4138200,4139540,'BOG-0001','','traficint@alsitio.net.co');
insert into tb_transportistas values(830028633,5,'ABSA','Avenida el Dorado N° 116-87 Bodega 5 Nue',4138782,4139462,'BOG-0001','www.absacargo.com','hector.maldonado@colnvmr.com');
insert into tb_transportistas values(830081145,7,'FLORIDA WEST','Avenida el Dorado N° 116-87 Bodega 5 Nue',4138783,4139462,'BOG-0001','www.swia.com','hector.maldonado@colnvmr.com');
insert into tb_transportistas values(830019189,8,'LAN CHILE','Avenida el Dorado N° 116-87 Bodega 5 Nue',4135567,4139462,'BOG-0001','www.lancargo.com','hector.maldonado@colnvmr.com');
insert into tb_transportistas values(860005309,3,'LUFTHANSA','Avenida el Dorado N° 116-87 Bodega 5 Nue',4138313,4139462,'BOG-0001','www.lufthansa.com','hector.maldonado@colnvmr.com');
insert into tb_transportistas values(860912462,2,'TAMPA','Avenida el Dorado N° 116-87 Bodega 5 Nue',4397906,4397901,'BOG-0001','www.tampacargo.com.co','lalvares@tampa cargo.com.co');
insert into tb_transportistas values(800244085,5,'MARTIN AIR','Avenida el Dorado No.98-51 OF.203-206',4222120,4154940,'BOG-0001','www.martinaviation.com','liberaciones@martinaviation.com');
insert into tb_transportistas values(890115166,8,'AEROSUCRE S.A','Avenida el Dorado Terminal de carga No.2',4148224,4139442,'BOG-0001','','francisco200as@yahoo.com');
insert into tb_transportistas values(800721148,1,'BRITHISH AIRWAYS','Avenida el Dorado Terminal de carga No.1',4135512,4135512,'BOG-0001','www.bawordcargo.com','ccma-gha@insat.net.co');
insert into tb_transportistas values(800014514,7,'ARROW AIR','Avenida el Dorado No.96-50 PISO 2',6084040,4135599,'BOG-0001','www.arrow.com.co','msalamanca@arrowair global.com.co');
insert into tb_transportistas values(800064763,8,'DESACOL (COPA)','Avenida el Dorado Terminal de carga No.1',2662678,4138113,'BOG-0001','www.desacol.com','margaritadelgado@desacol.com');
insert into tb_transportistas values(860011185,1,'VARIG S.A','Avenida el Dorado Terminal de Craga No.2 PISO 2',4148098,4135124,'BOG-0001','www.variglog.com','varigcarga@andinet.com');
insert into tb_transportistas values(800215250,0,'LLOYDAEREO BOL.','Muelle Internacional de Carga PISO 2',4148354,4148454,'BOG-0001','www.labairlines.com','lab_bogota@007mundo.com');
insert into tb_transportistas values(890100577,6,'DEPRISA  AVIANCA','Terminal de carga Bodega  No.2',4139008,4139702,'BOG-0001','www.deprisa.com','dpcifuentes@summa.aero');
insert into tb_transportistas values(860007369,4,'AIR FRANCE CARGO','Muelle Internacional de Carga Bodega No.96',4135423,4148463,'BOG-0001','www,airfrance,com','olbernal@airfrance.fr');
insert into tb_transportistas values(830003922,0,'PANAVIA S.A','Terminal de Carga No.1.Bodega .No.3',4135381,'EXT.132','BOG-0001','','e10@panaviacargo.com');
insert into tb_transportistas values(860005330,9,'IBERIA CARGA','Avenida el Dorado .No.116-87.Bodega .6',4135826,4135745,'BOG-0001','www.iberia.com','bogff01@iberia.es');
insert into tb_transportistas values(890308447,1,'GIRAG S.A','Avenida el Dorado No.116-87 Bodega 4 Modulo .2',4135358,4135797,'BOG-0001','','ivysam@giragaircargo.com');
insert into tb_transportistas values(830073687,3,'UPS','Avenida el Dorado No.116-87,Bodega UPS',4139424,4135110,'BOG-0001','www.aircargo.ups.com','NO TIENEN');
insert into tb_transportistas values(800095254,3,'AMERICAN AIR LIN.','Avenida el Dorado .No.116-87.Bodega AMERICAN',4398051,4398059,'BOG-0001','www.aa.com','andres.lopez@aa.com');
insert into tb_transportistas values(800177962,2,'CONTINENTAL','Avenida el  Dorado No.116-87.Bodega CONTINENT',5477493,5477495,'BOG-0001','www.cocargo.com','clara.silva@coair.com');
insert into tb_transportistas values(830069259,9,'COLOMBIAN AIR','Aeropuerto El Dorado Muelle de Carga .1 Bodega 140',2663645,4135773,'BOG-0001','','colombian@etb.net.co');
insert into tb_transportistas values(800136926,1,'TAESCOL (CARGOLUX)','Avenida el Dorado .116-87.Zona  2 Bodega .5',4147772,4147084,'BOG-0001','','taescoll@latinmail.co');
insert into tb_transportistas values(811005957,8,'ALL CARGO SERVICE','Aeropuerto Rionegro.Bodega .21 Y 22',5622892,5622892,'MED-0004','','allcargoservice@epm.net.co');
insert into tb_transportistas values(830093865,3,'AIR GLOBAL ','Avenida el dorado No. 96-50',6084040,6084040,'BOG-0001','','');
insert into tb_transportistas values(830084481,0,'TRANSWILL-AEROMEXPRESS','Avenida el Dorado No. 116-87 Bod. Girag  2 piso ',4135036,4135036,'BOG-0001','www.transwill.com','carga@transwill.com ');
insert into tb_transportistas values(830084481,0,'TRANSWILL-AEROCONTINENTAL','Avenida el Dorado No. 116-87 Bod. Girag  2 piso ',4135036,4135036,'BOG-0001','www.transwill.com','carga@transwill.com ');
insert into tb_transportistas values(800234041,9,'TRANSAM ','Avenida el Dorado Bod. 6 transaereo',4138313,4138313,'BOG-0001','www.lamdhl.com','cargosales@co.dhl.com');
insert into tb_transportistas values(892400030,4,'LACSA - GRUPO TACA','Calle 114 No. 9-45 local 124',4147885,4147885,'BOG-0001','','');
insert into tb_transportistas values(830055277,0,'AEROASOCIADOS  DE CARGA  LTDA','Avenida el Dorado No. 106-12 entrada 2 int. 7',4135633,4135633,'BOG-0001','','aeroasociadosepm.net.co ');
insert into tb_transportistas values(830002141,0,'GLOBE  AIR CARGO LTDA','Carrera 100 No. 49-09  3er piso',5477878,5477878,'BOG-0001','','gacbog@etb.net.co');
insert into tb_transportistas values(830017271,5,'FEDEX EXPRESS CORPORATION ','Aeropuerto El Dorado Terminal de carga No. 1 Bod.140',4148810,4148810,'BOG-0001','www.fedex.com','jpenate@fedex.com');
insert into tb_transportistas values(860009876,6,'CIA.REAL HOLANDESA DE AVIACION. KLM ','Avenida el Dorado No. 69  C -03 Ofc. 206',2108124,2108124,'BOG-0001','www.klm.com','customer-service.bog@klmcargo.com');
insert into tb_transportistas values(800049934,8,'COMPAÑÍA COLOMBIANA DE CARGA. CONCARGA LTDA.','Cra. 32 A No. 7-44',2774920,3603023,'BOG-0001','','concarga@etb.net.co');
insert into tb_transportistas values(890200928,7,'COOPERATIVA SANTANDEREANA DE TRANSPORTES.COOPETRAN ','Calle 19 No. 43 A-46',2695007,3378798,'BOG-0001','www.coopetran.com.co','coopetran@etb.net.co ');
insert into tb_transportistas values(800185379,1,'IMBOCAR S.A. ','Cra. 43 No. 29-107 Ofc. 1',3812888,3812888,'MED-0004','www.imbocar.com.co','imbocarsa@epm.net.co');
insert into tb_transportistas values(890903501,3,'INTERANDINA  DE TRANSPORTES LTDA.  INANTRA','Calle 8 D No. 82 B-59',4118128,4003589,'BOG-0001','','hpulido@inantra.com');
insert into tb_transportistas values(830004861,4,'MOVILIZADORA DE CARGA TERRESTRE  MCT LTDA.','Calle 22 NO. 43 B-56',2088200,2088200,'BOG-0001','www.mct.com.co','mct@mct.com.co');
insert into tb_transportistas values(805000977,0,'TRANSCARGA RG LTDA','Cra. 20 G No. 14 B -121 Cencar',6667371,6667251,'CLO-0002','www.transcarga.rg.com','transcargarg@uniweb.net.co');
insert into tb_transportistas values(890901321,5,'EDUARDO BOTERO SOTO Y CIA. LTDA','Calle 13 No. 87 b 19',4128482,4128482,'BOG-0001','www.boterosoto.com.co','tbsbogota@boterosoto.com.co');
insert into tb_transportistas values(860015910,9,'COORDIFRONTERAS LTDA','Transversal 93 No. 61-32 Int. 80',2768069,2768071,'BOG-0001','','andicor@latino.net.co ');
insert into tb_transportistas values(860016814,5,'PROVEEDOR &  SERCARGA S.A. ','Calle 13 No. 78 A 19',4221300,4243549,'BOG-0001','www.aldia.com.co','acastano@aldia.com.co');
insert into tb_transportistas values(800209831,5,'TRANSPORTES 3 T  LTDA. ','Avenida 6 NO. 47-38',4172600,4172620,'BOG-0001','www.trans3t.com',3);
insert into tb_transportistas values(860062581,3,'UNION ANDINA DE TRANSPORTES S.A. ','Cra. 87 NO. 11 B 38',5700400,4118413,'BOG-0001','','unatrans@unatrans.com');
insert into tb_transportistas values(860016640,4,'TRANSPORTADORA COMERCIAL COLOMBIA  TCC','Calle 20 No.69-71',4232585,4115502,'BOG-0001','www.tcc.com.co','tcc@geo.net.co');

 /*(ca_idtransportista, ca_nombre, ca_telefonos, ca_fax, ca_email) */
 
delete from tb_transporcontac;
insert into tb_transporcontac (ca_idtransportista, ca_nombre, ca_telefonos, ca_fax, ca_email) values(830028633,'Luz Melida Diez',4138782,4139462,'hector.maldonado@colnvmr.com');
insert into tb_transporcontac (ca_idtransportista, ca_nombre, ca_telefonos, ca_fax, ca_email) values(830081145,'Luz Melida Diez',4138783,4139462,'hector.maldonado@colnvmr.com');
insert into tb_transporcontac (ca_idtransportista, ca_nombre, ca_telefonos, ca_fax, ca_email) values(830019189,'Luz Melida Diez',4135567,4139462,'hector.maldonado@colnvmr.com');
insert into tb_transporcontac (ca_idtransportista, ca_nombre, ca_telefonos, ca_fax, ca_email) values(860005309,'Luz Melida Diez',4138313,4139462,'hector.maldonado@colnvmr.com');
insert into tb_transporcontac (ca_idtransportista, ca_nombre, ca_telefonos, ca_fax, ca_email) values(860912462,'Liliana Alvarez',4397906,4397901,'lalvares@tampa cargo.com.co');
insert into tb_transporcontac (ca_idtransportista, ca_nombre, ca_telefonos, ca_fax, ca_email) values(800244085,'Blanca Bernal',4222120,4154940,'liberaciones@martinaviation.com');
insert into tb_transporcontac (ca_idtransportista, ca_nombre, ca_telefonos, ca_fax, ca_email) values(890115166,'Francisco Diaz',4148224,4139442,'francisco200as@yahoo.com');
insert into tb_transporcontac (ca_idtransportista, ca_nombre, ca_telefonos, ca_fax, ca_email) values(800721148,'Rodolfo Olaya',4135512,4135512,'ccma-gha@insat.net.co');
insert into tb_transporcontac (ca_idtransportista, ca_nombre, ca_telefonos, ca_fax, ca_email) values(800014514,'Maria Isabel Salamanca',6084040,4135599,'msalamanca@arrowair global.com.co');
insert into tb_transporcontac (ca_idtransportista, ca_nombre, ca_telefonos, ca_fax, ca_email) values(800064763,'Margarita Delgado',2662678,4138113,'margaritadelgado@desacol.com');
insert into tb_transporcontac (ca_idtransportista, ca_nombre, ca_telefonos, ca_fax, ca_email) values(860011185,'Willian Alvarez',4148098,4135124,'varigcarga@andinet.com');
insert into tb_transporcontac (ca_idtransportista, ca_nombre, ca_telefonos, ca_fax, ca_email) values(800215250,'Hector Roa',4148354,4148454,'lab_bogota@007mundo.com');
insert into tb_transporcontac (ca_idtransportista, ca_nombre, ca_telefonos, ca_fax, ca_email) values(890100577,'Diana Cifuentes',4139008,4139702,'dpcifuentes@summa.aero');
insert into tb_transporcontac (ca_idtransportista, ca_nombre, ca_telefonos, ca_fax, ca_email) values(860007369,'Diana Arias',4135423,4148463,'');
insert into tb_transporcontac (ca_idtransportista, ca_nombre, ca_telefonos, ca_fax, ca_email) values(830003922,'Raquel Caceres',4135381,'','rcaceres@panaviacargo.com');
insert into tb_transporcontac (ca_idtransportista, ca_nombre, ca_telefonos, ca_fax, ca_email) values(860005330,'Leonardo Moreno',4135826,4135745,'bogff01@iberia.es');
insert into tb_transporcontac (ca_idtransportista, ca_nombre, ca_telefonos, ca_fax, ca_email) values(890308447,'Sandra Velandia',4135358,4135797,'importaciones@giragaircargo.com');
insert into tb_transporcontac (ca_idtransportista, ca_nombre, ca_telefonos, ca_fax, ca_email) (ca_idtransportista, ca_nombre, ca_telefonos, ca_fax, ca_email) values(830073687,'Nelly Acevedo',4139424,4135110,'');
insert into tb_transporcontac (ca_idtransportista, ca_nombre, ca_telefonos, ca_fax, ca_email) values(800095254,'Andres Lopez',4398051,4398059,'andres.lopez@aa.com');
insert into tb_transporcontac (ca_idtransportista, ca_nombre, ca_telefonos, ca_fax, ca_email) values(800177962,'Clara Silva',5477493,5477495,'clara.silva@coair.com');
insert into tb_transporcontac (ca_idtransportista, ca_nombre, ca_telefonos, ca_fax, ca_email) values(830069259,'Mary Arias',2663645,4135773,'colombian@etb.net.co');
insert into tb_transporcontac (ca_idtransportista, ca_nombre, ca_telefonos, ca_fax, ca_email) values(800136926,'Carolina Lopez  ',4147772,4147084,'taescoll@latinmail.co');
insert into tb_transporcontac (ca_idtransportista, ca_nombre, ca_telefonos, ca_fax, ca_email) values(800136926,'Cristina Rendon',4147772,4147084,'taescoll@latinmail.co');
insert into tb_transporcontac (ca_idtransportista, ca_nombre, ca_telefonos, ca_fax, ca_email) values(811005957,'Lina Maria Pulgarin Henao',5622892,5622892,'allcargoservice@epm.net.co');
insert into tb_transporcontac (ca_idtransportista, ca_nombre, ca_telefonos, ca_fax, ca_email) values(890107200,'Else Haupt',2364662,2576376,'amibog@cable.net');
insert into tb_transporcontac (ca_idtransportista, ca_nombre, ca_telefonos, ca_fax, ca_email) values(800192024,'Meyer Pinzón',6914406,6914536,'mpinzon@aquarius.com.co');
insert into tb_transporcontac (ca_idtransportista, ca_nombre, ca_telefonos, ca_fax, ca_email) values(811023952,'Jairo Gutierrez',4041414,4041827,'jairog@almagrancargo.com');
insert into tb_transporcontac (ca_idtransportista, ca_nombre, ca_telefonos, ca_fax, ca_email) values(860017501,'Alfonso Castillo',6918727,6917521,'atl.col@impsat.net.co');
insert into tb_transporcontac (ca_idtransportista, ca_nombre, ca_telefonos, ca_fax, ca_email) values(830028840,'Miriam Eslava',6019000,6351543,'meslava@amg.com.co');
insert into tb_transporcontac (ca_idtransportista, ca_nombre, ca_telefonos, ca_fax, ca_email) values(800181561,'Carlos Gómez',6233351,6222610,'costacontainerbog4@cable.net.co');
insert into tb_transporcontac (ca_idtransportista, ca_nombre, ca_telefonos, ca_fax, ca_email) values(800251588,'Maria teresa Agudelo',3146149,2355573,'agunsabo@colomsat.net.co');
insert into tb_transporcontac (ca_idtransportista, ca_nombre, ca_telefonos, ca_fax, ca_email) values(830088574,'Luis Gonzalo Malagon',6017667,6017545,'colgrupajes@cable.net.co');
insert into tb_transporcontac (ca_idtransportista, ca_nombre, ca_telefonos, ca_fax, ca_email) values(860006765,'Fernando Clavijo',3275127,3411147,'contactenos@ciatransportadora.com');
insert into tb_transporcontac (ca_idtransportista, ca_nombre, ca_telefonos, ca_fax, ca_email) values(811022799,'Luisa Fernanda Clavijo',6113951,6113970,'clic1@impsat.net.co');
insert into tb_transporcontac (ca_idtransportista, ca_nombre, ca_telefonos, ca_fax, ca_email) values(860031615,'Luz Mery Parrado',2355878,2355878,'cmacgm@colomsat.net.co');
insert into tb_transporcontac (ca_idtransportista, ca_nombre, ca_telefonos, ca_fax, ca_email) values(830099025,'John Jario Castro',4101099,5402172,'jcastro@consolcargo.com.co');
insert into tb_transporcontac (ca_idtransportista, ca_nombre, ca_telefonos, ca_fax, ca_email) values(860078620,'Luis Orozco',6100299,6113630,'lorozco@csv.com');
insert into tb_transporcontac (ca_idtransportista, ca_nombre, ca_telefonos, ca_fax, ca_email) values(830017999,'Johana Aldana',6203737,6203660,'comercial2@ecl.com.co');
insert into tb_transporcontac (ca_idtransportista, ca_nombre, ca_telefonos, ca_fax, ca_email) values(800180908,'Alejandro Navas',4139556,4135031,'navasa@ecubog.eculine.net');
insert into tb_transporcontac (ca_idtransportista, ca_nombre, ca_telefonos, ca_fax, ca_email) values(860005101,'Sergio Juzga',2846812,3374987,'usa.juzgase@hlcl.com');
insert into tb_transporcontac (ca_idtransportista, ca_nombre, ca_telefonos, ca_fax, ca_email) values(811001005,'Nancy Bernal',3451800,3104539,'nancybernal@gsacol.com');
insert into tb_transporcontac (ca_idtransportista, ca_nombre, ca_telefonos, ca_fax, ca_email) values(830002655,'Alicia Espitia',3274747,3274748,'oper-nal@interworldfreight.com.co');
insert into tb_transporcontac (ca_idtransportista, ca_nombre, ca_telefonos, ca_fax, ca_email) values(800235053,'Sonia Lombana',6223777,2568392,'bqgalgen@maersk.com');
insert into tb_transporcontac (ca_idtransportista, ca_nombre, ca_telefonos, ca_fax, ca_email) values(800159856,'Consuelo Espinoza',4101055,4107347,'cespinosa@mahe.com.co');
insert into tb_transporcontac (ca_idtransportista, ca_nombre, ca_telefonos, ca_fax, ca_email) values(860031615,'Ana Isabel Mahecha',2355878,2110015,'maritbog@colomsat.net.co');
insert into tb_transporcontac (ca_idtransportista, ca_nombre, ca_telefonos, ca_fax, ca_email) values(830113266,'Jaime Ariza',6228380,2571573,'jariza@smicolombia.com');
insert into tb_transporcontac (ca_idtransportista, ca_nombre, ca_telefonos, ca_fax, ca_email) values(830018078,'Juan Carlos Roncancio',6210591,6211226,'');
insert into tb_transporcontac (ca_idtransportista, ca_nombre, ca_telefonos, ca_fax, ca_email) values(800249687,'Patricia Mariño',6112787,6107347,'pmariño@msccolombia.com.co');
insert into tb_transporcontac (ca_idtransportista, ca_nombre, ca_telefonos, ca_fax, ca_email) values(860001560,'Sandra Camargo',6100299,6113630,'navebog@cable.nte.co');
insert into tb_transporcontac (ca_idtransportista, ca_nombre, ca_telefonos, ca_fax, ca_email) values(860532426,'Juan José Saldarriaga',3172426,3172404,'oprbog@navescolombia.com');
insert into tb_transporcontac (ca_idtransportista, ca_nombre, ca_telefonos, ca_fax, ca_email) values(800203644,'Carolina García',3274040,3530460,'trip@nedtrans.com.co');
insert into tb_transporcontac (ca_idtransportista, ca_nombre, ca_telefonos, ca_fax, ca_email) values(800250763,'Eliana Daza',3130403,3130468,'seaboard@seaboardcolombia.net');
insert into tb_transporcontac (ca_idtransportista, ca_nombre, ca_telefonos, ca_fax, ca_email) values(800116249,'Claudia Barrero',4110772,4110752,'cbarrero@transmares.com.co');
insert into tb_transporcontac (ca_idtransportista, ca_nombre, ca_telefonos, ca_fax, ca_email) values(800236908,'Rafael Gómez',6100299,2189783,'ahoyos@colnvmr.com');
insert into tb_transporcontac (ca_idtransportista, ca_nombre, ca_telefonos, ca_fax, ca_email) values(800241469,'Claudia Hernandez',3416477,2815409,'chernandez@transborder.com.co');
insert into tb_transporcontac (ca_idtransportista, ca_nombre, ca_telefonos, ca_fax, ca_email) values(830022012,'Gloria Marín',4138200,4139540,'traficint@alsitio.net.co');
insert into tb_transporcontac (ca_idtransportista, ca_nombre, ca_telefonos, ca_fax, ca_email) values(800049934,'Luz Angela Gonzàlez',2774920,3603023,'concarga@etb.net.co');
insert into tb_transporcontac (ca_idtransportista, ca_nombre, ca_telefonos, ca_fax, ca_email) values(890200928,'Despachos ',2695007,3378798,'coopetran@etb.net.co ');
insert into tb_transporcontac (ca_idtransportista, ca_nombre, ca_telefonos, ca_fax, ca_email) values(800185379,'Carlos Mauricio Ruiz',3812888,3812888,'imbocarsa@epm.net.co');
insert into tb_transporcontac (ca_idtransportista, ca_nombre, ca_telefonos, ca_fax, ca_email) values(890903501,'Mery Mora',4118128,4003589,'mmora@inantra.com');
insert into tb_transporcontac (ca_idtransportista, ca_nombre, ca_telefonos, ca_fax, ca_email) values(830004861,'Ruth Naranjo ',2088200,2088200,'ruthn@mct.com.co');
insert into tb_transporcontac (ca_idtransportista, ca_nombre, ca_telefonos, ca_fax, ca_email) values(805000977,'Yury Mena',6667371,6667251,'transcargarg@uniweb.net.co');
insert into tb_transporcontac (ca_idtransportista, ca_nombre, ca_telefonos, ca_fax, ca_email) values(890901321,'Ivonne Velez',4128482,4128482,'mivelezv@boterosoto.com.co');
insert into tb_transporcontac (ca_idtransportista, ca_nombre, ca_telefonos, ca_fax, ca_email) values(860015910,'Mario Antolines',2768069,2768071,'marioantolinez@andicoor.com.co');
insert into tb_transporcontac (ca_idtransportista, ca_nombre, ca_telefonos, ca_fax, ca_email) values(860016814,'Alvaro Castaño ',4221300,4243549,'acastano@aldia.com.co');
insert into tb_transporcontac (ca_idtransportista, ca_nombre, ca_telefonos, ca_fax, ca_email) values(800209831,'Luis Fernando Gil ',4172600,4172620,'luisfernandogil65@hotmail.com');
insert into tb_transporcontac (ca_idtransportista, ca_nombre, ca_telefonos, ca_fax, ca_email) values(860062581,'Martha Tellez',5700400,4118413,'gcomercial@unatrans.com');
insert into tb_transporcontac (ca_idtransportista, ca_nombre, ca_telefonos, ca_fax, ca_email) values(860016640,'Despachos ',4232585,4115502,'tcc@geo.net.co');
